,Afghanistan,Albania,Algeria,Angola,Antigua and Barbuda,Argentina,Armenia,Australia,Austria,Azerbaijan,"Bahamas, The",Bahrain,Bangladesh,Barbados,Belarus,Belgium,Belize,Benin,Bhutan,Bolivia,Bosnia and Herzegovina,Botswana,Brazil,Brunei Darussalam,Bulgaria,Burkina Faso,Burundi,Cabo Verde,Cambodia,Cameroon,Canada,Central African Republic,Chad,Chile,China,Colombia,Comoros,"Congo, Dem. Rep.","Congo, Rep.",Costa Rica,Cote d'Ivoire,Croatia,Cuba,Cyprus,Czech Republic,Denmark,Djibouti,Dominica,Dominican Republic,Ecuador,"Egypt, Arab Rep.",El Salvador,Equatorial Guinea,Eritrea,Estonia,Eswatini,Ethiopia,Fiji,Finland,France,Gabon,"Gambia, The",Georgia,Germany,Ghana,Greece,Grenada,Guatemala,Guinea,Guinea-Bissau,Guyana,Haiti,Honduras,Hungary,Iceland,India,Indonesia,"Iran, Islamic Rep.",Iraq,Ireland,Israel,Italy,Jamaica,Japan,Jordan,Kazakhstan,Kenya,"Korea, Dem. People's Rep.","Korea, Rep.",Kuwait,Kyrgyz Republic,Lao PDR,Latvia,Lebanon,Lesotho,Liberia,Libya,Lithuania,Luxembourg,Madagascar,Malawi,Malaysia,Mali,Malta,Mauritania,Mauritius,Mexico,Moldova,Mongolia,Morocco,Mozambique,Myanmar,Namibia,Nepal,Netherlands,New Zealand,Nicaragua,Niger,Nigeria,North Macedonia,Norway,Oman,Pakistan,Panama,Papua New Guinea,Paraguay,Peru,Philippines,Poland,Portugal,Qatar,Romania,Russian Federation,Rwanda,Samoa,Saudi Arabia,Senegal,Sierra Leone,Slovak Republic,Slovenia,Solomon Islands,Somalia,South Africa,Spain,Sri Lanka,St. Lucia,St. Vincent and the Grenadines,Sudan,Suriname,Sweden,Switzerland,Syrian Arab Republic,Tajikistan,Tanzania,Thailand,Timor-Leste,Togo,Tonga,Trinidad and Tobago,Tunisia,Turkey,Turkmenistan,Uganda,Ukraine,United Arab Emirates,United Kingdom,United States,Uruguay,Uzbekistan,Vanuatu,"Venezuela, RB",Vietnam,"Yemen, Rep.",Zambia,Zimbabwe,Africa Eastern and Southern,Africa Western and Central,Arab World,Caribbean small states,Central Europe and the Baltics,Early-demographic dividend,East Asia & Pacific,East Asia & Pacific (excluding high income),East Asia & Pacific (IDA & IBRD countries),Euro area,Europe & Central Asia,Europe & Central Asia (excluding high income),Europe & Central Asia (IDA & IBRD countries),European Union,Fragile and conflict affected situations,Heavily indebted poor countries (HIPC),High income,IBRD only,IDA & IBRD total,IDA blend,IDA only,IDA total,Late-demographic dividend,Latin America & Caribbean,Latin America & Caribbean (excluding high income),Latin America & the Caribbean (IDA & IBRD countries),Least developed countries: UN classification,Low & middle income,Low income,Lower middle income,Middle East & North Africa,Middle East & North Africa (excluding high income),Middle East & North Africa (IDA & IBRD countries),Middle income,North America,OECD members,Other small states,Pacific island small states,Post-demographic dividend,Pre-demographic dividend,Small states,South Asia,South Asia (IDA & IBRD),Sub-Saharan Africa,Sub-Saharan Africa (excluding high income),Sub-Saharan Africa (IDA & IBRD countries),Upper middle income,World
1971,7819.39,948.33,2267.04,8003.67,13.55,71391.92,1017.12,71299.39,4790.85,3660.68,8.8,6.54,76564.17,41.17,10819.05,5380.5,72.6,1154.57,375.42,5962.86,1741.45,3004.3,123039.21,46.28,4891.96,3153.31,604.85,19.73,14355.44,4621.75,19006.93,21364.32,7106.15,5309.08,578240.51,28401.34,95.09,13470.91,1434.72,2322.8,1207.57,1835.65,9647.16,216.43,6814.98,5903.01,122.39,5.71,2763.09,3774.9,10476.21,1360.2,6.43,1402.39,1338.28,623.98,28070.2,338.5,3328.66,38480.06,25.18,404.03,2239.76,39138.76,2741.74,3864.74,10.4,2242.2,3997.64,445.21,1319.17,1723.36,2044.01,6028.64,243.78,308106.48,76270.31,12117.71,4548.11,8543.45,408.53,20212,421.77,55800.57,183.13,21745.46,8399.34,5702.66,16300.96,31.92,3734.47,4678.96,2485.1,164.66,714.38,151.85,599.35,3826.06,605.25,11111.32,1212.97,7675.82,6989.19,33.12,2811.31,52.24,35425.64,1658.35,5750.53,6211.01,4536.19,41015.3,3432.73,15465.52,8043.38,21872.23,3200.75,4399.75,13964.21,1239.94,2040.89,93.49,44774.36,2096.91,234.27,6585.24,8557.69,36529.52,22764.07,3481.76,21.5,12491.09,103406.57,603.74,38.48,667.73,3239.01,1523.5,3059.25,1387.27,1592.32,8433.44,15753.98,13462.91,8975.56,13.7,10.12,26317.84,497.1,3464.92,3573.46,1206.04,2376,12499,59046.22,372.68,976.87,16.21,124.39,1573.66,23494.42,2451.37,5734.55,41956.26,162.54,26433.7,187591.11,13681.33,10519.99,127.13,11587.57,44128.04,1615.82,9654.77,5973.42,169710.87,81738.03,67608.81,2549.25,66922.35,908930.75,1042753.16,876130.87,870425.46,161677.82,491159.12,250392.27,274991.99,225872.14,229554.73,213542.34,635348.37,1777772.69,2234001.89,90692.93,365536.27,456229.2,1084576.85,344408.86,312889.86,333969.4,356014.56,2194025.53,168354.12,862248.98,42510.49,41085.13,41085.13,2025671.41,206599.92,705928.73,11605.39,2127.85,643214.54,203167.89,16282.5,462081.02,462081.02,251448.9,251446.39,251448.9,1163422.42,2840961.47
1972,6672.29,930.32,2302.15,8901.3,13.47,74545.78,1047.96,78476.61,4760.5,3737.67,8.55,7.1,77876.62,38.75,11176.78,5318.2,75.53,1186.27,381.59,7027.62,1728.52,3489.53,130687.12,43.73,5169.64,2938.56,643.48,21.24,11743.54,4440.48,19188.44,20833.05,7347.12,5709.68,581221.82,29365.25,95.79,15364.44,1516.98,2413.51,1214.92,1817.91,9328.2,220.4,7027.27,6098.44,124.86,6.23,2770.53,4171.29,10493.46,1403.45,6.55,1371.95,1394.74,637.03,27528.63,342.51,3281.34,38729.54,27.51,387.52,2333.84,38851.47,2799.15,3964.21,9.06,2410.14,3948.24,454.09,1128.79,1771.48,2071.05,5798.39,259.76,305906.96,74216.17,12359.53,4295.19,8615.8,420.47,20081.32,417.55,54118.29,194.22,22288.73,8602.99,5672.24,16285.31,32.72,3821.13,5034.24,2563.73,165.01,691.31,155.86,604,3939.19,608.76,11455.44,1383.58,8098.25,6222.38,31.15,2557.07,51.39,35894.91,1718.91,5810.49,5884.83,4931.5,39686.75,3535.24,15085.9,8466.89,22817.14,3208.43,4472.42,13974.66,1212.04,2065.56,104.72,45292.39,2166.66,692.61,7207.54,7865.2,35492.49,23747.84,3551.5,22.25,12960.97,107017.01,603.62,38.4,701.03,2980,1482.06,3139.33,1391.88,1611.1,8605.42,15969.18,13544.57,8379.02,13.28,10.22,26285.41,457.21,3489.97,3613.25,1167.04,2441.41,13207.54,56690.95,407.12,959.99,16.18,132.44,1646.2,23419.82,2514.45,5819.59,43485.16,161.79,27521.65,188181.57,13993.7,10893.89,128.22,11847.79,45362.93,1592.76,10942.85,6163.76,176286.34,79926.13,67043.02,2321.7,68950.89,908825.4,1045362.23,872285.34,866610.38,162454.52,501781.33,257898.25,283464.01,228564.94,228505.37,216017.62,646471.18,1798638.91,2255516.56,92387.43,364490.22,456877.65,1101497.26,358929.23,326426.04,348805.53,355877.12,2213243.45,168298.7,862108.64,42310.49,40829.26,40829.26,2044944.75,207371.77,718116.11,12295.42,2153.03,654075.8,206064.1,16770.15,459594.9,459594.9,256212.48,256209.65,256212.48,1182836.11,2871562.42
1973,6960.2,960.89,2260.93,9776.05,13.23,77497.37,1067.61,71135.55,4810.32,3775.21,8.12,7.66,78123,39.57,11446.31,5519.47,77.21,1330.42,387.16,6275.75,1771.4,3770.36,131433.2,43.16,5238.95,2834.77,674.02,19.22,8893.04,4700.77,19375.14,23722.67,7215.27,5565.92,575909.06,29919.49,97.12,17265.78,1587.34,2683.01,1280.41,1874.78,9745.14,225.1,7266.76,6226.13,126.26,6.75,2840.09,4183.85,9765.81,1260.58,6.69,1395.44,1427.05,651.39,28240.25,347.79,3299.98,39699.11,28.54,381.44,2388.94,39349.82,2966.28,4177.43,9.48,2368.45,4334.4,487.17,1225.05,1720.54,2092.02,5695.7,273.35,310670.97,75781.37,12939.19,3907.94,9154.3,454.56,20309.11,417.22,53255.28,221.93,22617.92,8691.68,5974.3,16254.78,31.62,3856.91,5823.13,2634.73,153.98,683.57,164.38,691.54,4020.05,627.35,11835.32,1483.01,8371.04,6012.27,31.55,2490.5,48.19,36084.28,1771.01,5859.86,5831,5462.61,42560.37,3633.9,15779.19,9021.54,22412.91,3337.41,2821.88,15336.62,1192.91,2095.61,118.61,45967.91,2191.62,358.66,7097.95,7776.82,38639.32,25283.21,3596.74,23.17,13505.32,109596.41,625.59,38.7,798.45,2898.43,1522.41,3245.55,1454.31,1645.58,8461.51,16621.86,14152.46,8598.31,13.09,10.45,28957.36,529.35,3549.64,3751.5,1106.08,2487.13,13795.69,62776.92,414.06,1018.26,19.39,132.84,1659.16,23807.17,2553.11,6189.51,44533.96,177.15,28899.22,190110.37,14679.53,11197.79,142.64,12164.29,46404.02,1515,12225.47,6331.01,186922.38,83160.13,68402.78,2492.65,71646.42,925856.96,1044473.8,879977.33,874000.31,166755.98,515426.46,263768.94,290926.94,235396.48,239660.15,226091.49,648492.7,1823569.86,2295292.61,94992.62,376730.13,471722.75,1112323.53,364166.37,330796.16,353617.14,368497.14,2251287.73,176660.88,880388.47,41821.59,40178.82,40178.82,2074626.85,209487.1,720598.92,12771.95,2209.45,654901.52,217738.87,17474.05,466486.88,466486.88,270082.52,270079.6,270082.52,1194238.39,2911944.73
1974,7378.03,985.79,2352.5,8063.48,12.83,77495.49,1099.75,75657.35,4945.58,3869.47,6.14,6.86,77092.51,36.62,11814.6,5803.03,87.9,1055.17,392.84,7091.22,1863.73,3602.7,138376.96,52.17,5248.01,2625.42,683.74,17.57,6262.22,3864.73,19758.2,15156.35,5294.97,5956.35,578656.52,31144.82,99.38,13485.86,1541.69,2718.08,1176.16,1995.59,9534.87,207.55,7449.79,6300.31,132.65,7.26,3251.53,4448.54,9973.62,1311.12,7.07,1365.63,1469.28,652.55,26367.92,367.27,3260.31,41004.83,25.8,369.55,2455.37,40330.11,2436.39,4553.57,8.87,2231.51,3823.27,502.73,1445.86,1673.55,2285.84,5924.74,279.9,310730.07,75843.76,13175.79,3545.93,9667.06,485.77,19772.26,421.1,54430.33,203.17,23136.48,8777.12,6209.03,16725.39,34.63,3958.08,4564.86,2720.9,142.61,708.85,166.51,714.29,4119.82,650.9,11762.42,1361.57,7508.53,5240.57,30.54,2116.49,42.5,37576.5,1828.83,5915.9,5647.36,4563.52,41319.84,3859.06,15936.19,9814.42,22641.26,3629.56,2825.61,14387.68,1229.3,2076.76,135.71,47305.99,2247.19,276,7447.71,7827.47,37784.68,26911.37,3344.27,23.22,13709.03,113148.83,585.28,41,924.16,2780.13,1435.87,3321.6,1559.3,1543.58,8425.98,17057.91,13839.99,9711.3,12.83,10.57,24984.98,513.22,3584.47,3816.12,1211.24,2559.04,12761.52,58706.16,406.11,781.84,21.08,143.48,1730.51,24197.29,2623.23,5527.11,45900.31,163.02,29514.49,196701.99,15514.61,11565.27,149.58,12564.01,46207.35,1623.72,9693.11,6154.23,170592.11,67631.58,64192.02,2717.03,74429.42,924186.13,1042683.15,871800.5,865588.73,170415.31,529447.9,271192.41,300099.36,241538.63,214953.28,198368.11,669820.7,1842273.32,2280378.56,94703.19,343402.05,438105.24,1127896.49,377777.67,342799.56,367466.32,333094.73,2233013.51,153758.75,870860.61,42257.29,40453.38,40453.38,2079254.76,216461.42,744028.51,12894.7,2136.81,674127.91,188037.33,17748.55,468547.08,468547.08,238223.69,238220.58,238223.69,1208394.15,2915398.22
1975,7836.13,1001.59,2512.39,10215.46,12.78,79162.96,1129.59,81516.08,4934.7,3970.74,5.88,6.99,79843.03,31.19,12190.91,5778.61,91.41,1184.39,399.2,7926.96,1920,4326.35,144423.22,51.35,5524.2,2750.43,705.14,16.78,7555.44,4273.39,20180.54,17464.88,5692.75,6176.08,576549.01,32199.89,99.6,18238.75,1654.24,2803.34,1308.59,2050.97,9300.55,113.16,7541.74,6278.67,143.26,7.86,3526.75,4735.76,9921.75,1340.86,7.3,1321.61,1502.14,671.07,25876.47,388.16,3175.85,41447.2,28.17,382.41,2531.93,40583.19,2592.57,4554.16,8.04,2194.65,3989.99,621.69,1616.38,1635.56,2339.02,6151.63,281.67,316067.84,75012.85,13190.8,3335.01,9734.67,525.28,19357.38,428.85,54415.15,202.25,23757.23,8869.7,6380.49,16559.27,36.65,4047.64,4488.48,2802.84,118.76,726.91,164.33,888.45,4245.35,657.34,12198.39,1592.88,7585.04,5780.69,33.02,2168.09,38.47,39630.14,1881.14,6151.48,5628.79,5717.54,42089,2943.62,16252.96,10029.57,22750.46,3772.43,3050.18,14937.08,1274.88,2018.52,152.93,48860.09,2275.55,284.3,8065.11,7871.95,36697.8,27377.54,3314.02,24.44,13739.2,116364.94,597.38,43.96,984.22,2906.67,1484.69,3360.48,1614.91,1685.79,9055.3,17860.2,13798.71,7902.42,12.85,10.72,27150.87,536.93,3555.5,3788.73,1318.55,2622.79,14629.04,64388.78,381.46,874.57,25.46,151.64,1784.71,24455.22,2678.98,5858.41,47240.64,134.86,28645.34,198670.51,16498.2,11865.55,156.56,13153.6,43082.89,1664.89,12895.62,6817.26,188412.05,73333.88,67332.78,2924.75,75910.99,943181.45,1049652.52,872962.94,866579.7,171037.28,536908.53,278197.19,307625.69,243256.73,230712.79,219410.77,679776.34,1869421.64,2336442.52,98387.5,368633.38,467020.89,1140498.68,392692.79,355917.76,382619.73,359531.27,2286692,167769.4,889001.95,42608.02,40709.61,40709.61,2118922.6,218852.31,756412.4,12805.28,2313.17,683966.76,210797.27,18043.21,477161.86,477161.86,261745.93,261742.64,261745.93,1229920.65,2979621.95
1976,7954.05,1062.28,2459.48,8601.5,12.8,81324.55,1130.86,86607.28,4891.35,3962.86,5.88,7.17,76920.4,31.97,12252.13,5672.23,88.61,1237.16,406.28,8997.49,1881.84,4259.09,160831.36,49.73,5794.62,2869.38,701.04,17.47,7390.63,4541.73,20023.53,18645.76,5962.19,5936.78,578669.83,33038.84,102.28,14939.61,1590.5,2824.48,1365.24,2016.44,9236.91,119.41,7508.68,6341.74,146.83,8.47,3833.13,4884.96,9972.34,1424.9,7.08,1314.84,1503.82,677.93,25944.15,380.62,3175.22,41612.96,31.98,390.23,2548.89,40662.33,2642.9,4501.03,9.57,1882.91,4062.37,691.28,1271.35,1630.02,2316.59,5828.86,277.98,314999.22,73778.64,13092.28,3431.29,9508.4,551.22,19763.62,432.94,54334.15,163.49,23753.01,8706.01,6393.05,16071.49,38.77,4011.12,3793.09,2810.61,95.07,710.3,169.76,947.88,4255.22,665.31,11934.93,1508.42,7397.98,5852.78,38.39,2281.5,39.64,40779.37,1906.45,6212.79,5513.41,4806.28,41165,2847.21,16350.1,9984.56,22894.36,3794.5,3291.39,15290.3,1244.02,2049.24,171.31,49801.41,2308.12,442.69,9095.36,8011.66,35046.56,26688.36,3154.32,25.96,14171.17,116833.15,566.79,45.1,1058.94,2963.61,1541.87,3350.54,1597.31,1661.7,9024.61,17722.03,13974.75,8241.16,13.32,10.95,27959.09,538.31,3550.62,3855.27,1433.18,2625.62,14091.35,63289.66,342.02,912.19,29.35,154.13,1761.93,25019.35,2668.24,6105.51,47462.88,86.89,28122.49,193168.39,15466.84,11968.37,163.21,13575.52,45776.01,1547.62,10859.43,6677.41,180105.89,76358.67,68229.06,2589.18,75525.62,942255.65,1053362.33,871988.57,865592.74,171241.36,537756.86,280296.86,309001.65,243141.85,229532.12,216837.28,676391.9,1890889.43,2350805.25,99800.83,360114.99,459915.82,1159938.65,414547.16,378588.67,404508.71,349517.33,2302572.94,166522.38,882169.4,42543.46,40564.83,40564.83,2136050.56,213193.22,756556.06,12698.67,2287.86,683092.77,206048.57,17575.7,474672.77,474672.77,256464.56,256461.25,256464.56,1253881.16,2992540.36
1977,7781.35,1100.96,2696.95,10360.98,12.91,84699.39,1134.36,81711.86,4949.29,3944.34,5.49,7.52,77250.11,33,12324.73,5712.12,91.24,1416.6,412.32,7892.47,1845.7,4859.16,160137.25,43.16,5818.26,3056.67,705.38,18.05,7741.73,5346.72,19571.73,24489.36,6931.88,6073.73,562640.86,33555.99,103.32,18732.08,1670.75,2888.09,1503.96,1990.08,8999.62,134.68,7685.43,6397.2,168.48,9.05,3788.76,4773.61,9732.75,1597.97,7.26,1337.01,1515.37,676.56,27332.78,394.84,3120.42,41723.58,36.5,408.39,2567.07,40785.98,3237.88,4373.59,10.43,2062.37,4393.41,686.24,1538,1639.67,2404.49,6012.02,281.62,321283.96,74511.23,13208.96,3525.96,9655.61,561.38,20240.41,432.1,53978.64,182.03,23705.27,8866.32,6527.72,16175.34,43.22,3989.79,4855.64,2832.09,104.51,629.42,177.42,828.32,4297.81,674.36,12763.15,1714.33,7722.94,6136.2,40.09,2375.94,41.41,42025.39,1915.09,6100.04,5343.9,5775.05,41340.23,3335.38,16509.2,10017.34,23207.5,3937.14,3571.29,16576.34,1211.39,2093.72,188.5,51902.13,2281.05,788.64,8653.64,7903.23,34533.76,27042.61,3513.84,28.3,14896.11,117349.05,580.55,44.98,1068.72,3096.08,1639.82,3424.09,1585.32,1774.87,9607.84,17971.48,14252.67,9328.86,13.93,11.12,30760.61,543.01,3575.44,3866.02,1543.82,2617.28,15473.94,66855.34,303.91,1091.29,33.95,151.91,1768.21,25465.55,2657.22,6565.48,47528.21,106.75,26606.51,190331.66,15396.23,11999.87,156.55,13826.83,47241.27,1561.27,13449.31,7143.82,198791.46,87868.03,71746.92,2863.12,77099.18,961401.58,1040165.6,863581.71,857051.12,172848.66,540445.91,282070.23,311102.92,246265.8,250071.61,241326.84,669379.93,1896195.87,2388308.68,105055.91,387056.9,492112.81,1152326.21,418183.88,381889.02,408361.92,376861.79,2339330.59,185870.36,904655.58,42709.65,40665.16,40665.16,2153460.22,209904.73,751781.32,13743.4,2415.54,675178.55,232401.61,19022.06,484468.07,484468.07,286659.49,286656.4,286659.49,1248804.65,3022537.34
1978,7719.37,1168.09,2841.67,11075.28,15.49,80597.94,1156.88,72367.1,4994.43,3982.77,5.01,7.67,79121.85,34.76,12571.02,5760.95,89.42,1253.7,418.86,9593.92,1833.18,4789.66,161237.2,39.72,5910.47,2999.58,706.04,18.97,7906.16,4813.28,18934.7,18260.47,6379.31,6190.23,543622.88,34557.8,104.62,20150.95,1691.72,3001.32,1443.46,1994.7,8936.28,147.62,7911.28,6540.99,177.8,9.62,3560.64,4626.28,9751.75,1678.64,7.27,1337.26,1552.06,684.7,26366.52,384.68,3152.83,42048.2,40.27,391.28,2580.76,41695.51,2738.73,4222.48,11.48,2128.22,3719.21,572.63,1346.96,1730.38,2409.23,6206.15,287.36,324434.53,76226.17,13400.4,3372.93,9882.99,563.53,20239.66,423.08,50747.51,188.11,24115.23,9646.73,6542.27,16219.58,58.78,4042.27,5409.26,2896.11,139.53,636.75,167.87,867.5,4397.86,688.45,13361.38,1808.5,6818.07,5958.1,39.62,2419.33,32.77,42520.76,1948.44,5951.86,5630.66,6156.51,42538.52,3390.54,16597.6,10486.02,23371.55,3922.41,3822.46,16659.18,1206.29,2121.69,200.86,53780.88,2261.08,392.31,9081.37,7634.98,34281.61,27409.86,3850.48,26.75,14854.26,119727.66,605.52,46.4,1201.58,3088.17,1571.75,3530.46,1587.73,1909.39,10316.7,17843.46,14544.23,9606.03,14.55,11.37,28174.13,600.04,3616.96,3902.67,1635.91,2664.8,16227.4,68453.77,275.21,917.17,43.72,140.81,1557.66,26120.31,2699.3,6309.2,48487.96,126.44,26782.42,188086.19,15509.02,12244.65,150.44,14535.86,46770.9,1570.99,14427.32,6709.3,200867.59,78933.9,70371.35,2713.6,78250.93,970010.6,1011976.83,847736.78,841191.69,175717.7,549783.2,287314.33,316718.89,250162.35,243016.5,234985.6,658641.43,1889545.63,2379977.32,106663.94,383767.75,490431.68,1139833.49,419202.58,381984.97,409451.09,374815.67,2329648.44,177521.06,919693.02,43360.12,41134.89,41134.89,2152127.38,207022.25,742990.41,13648.61,2544.97,664422.25,227305.46,18907.18,491679.26,491679.26,279801.49,279798.19,279801.49,1232434.36,3002825.73
1979,7541.71,1217.13,3133.01,15643.85,19.38,79536.52,1171.21,75951.25,5103.54,3991.92,4.85,8.57,79763.26,36.33,12723.87,5858.14,101.09,1352.14,424.43,10304.74,1819.26,5743.34,164248.05,38.45,6008.53,3218.69,722.32,19.7,6183.39,5162.35,18759.47,21446.48,6851.49,6443.57,533248.03,34380.39,107.1,30088.85,1906.97,3140.99,1529.98,1976.45,8937.84,146.86,8104.49,6553.88,178.89,10.19,3742.18,4972.18,9578.78,1727.72,7.38,1350.54,1569.86,700.87,27112.02,415,3123.21,42694.57,45.56,379.12,2606.55,42351.67,2876.32,4147.51,11.21,2277.18,3802.95,592.45,1027.02,1750.75,2559.95,6299.24,284.31,324804.2,75660.98,13250.9,3374.75,9835.2,562.56,20440.04,421.88,49969.69,213.67,24467.12,10612.95,6538.81,16051.2,82.55,4080.4,5475.36,2926.91,133,669.23,173.69,1078.69,4472.02,705.98,13995.46,2291.77,7740.73,6873.58,39.07,2479.41,35.25,43525.66,1965.57,6144.42,5455.65,8629.13,38956.34,3798.81,16527.44,10775.42,23335.38,3692.47,3910.66,17837.44,1185.56,2149.64,216.01,54358.56,2305.95,593.52,9044.38,7848.89,34382.59,27168.31,3931.35,30.34,15510.26,120992.66,624.79,48.21,1294.02,3075.92,1540.19,3613.96,1584.92,1865.68,10238.15,18789.14,14188.87,9179.08,15.21,11.51,30993.88,635.87,3669.98,3931.92,1774.82,2686.32,19785.88,65328.99,230.34,989.92,44.3,143.62,1271.12,26907.58,2731.58,6517.72,49023.69,126.57,27095.86,184795.82,16232.34,12407.25,145.59,15157.49,46320.67,1577.42,21119.85,6875.85,236453.33,86072.42,73346.42,2449.15,79234.94,973077.77,996190.22,829336.21,822794.63,177509.09,556216.94,291496.46,320641.21,252800.22,263125.96,268619.53,661117.71,1892755.37,2414880.46,110468.06,411657.03,522125.09,1131999.61,425010.52,386229.8,415299.35,407202.65,2363204.26,199776.62,934035.57,43380.4,41020.7,41020.7,2163427.65,203556.81,746404.34,15056.65,2529.26,666747.41,266375.09,20035.06,492598.82,492598.82,322525.75,322522.27,322525.75,1229392.08,3039479.46
1980,7450.5,1257.07,3280.73,12320.03,22.06,78082.19,1179.23,77142.66,5075.16,4001.4,4.74,8.49,74167.38,38.93,12816.48,5893.74,96.73,1662.88,431.82,10867.12,1800.13,5037.41,178343.65,36.5,6123.31,3546.51,576.9,20.9,9971.16,6507.93,19458.83,30172.67,8001.99,6587.85,530829.98,34275.25,105.31,22537.1,1740.91,3153.9,1593.97,1964.71,8730.09,152.75,8186.84,6529.19,192.25,10.76,3773.91,5286.66,9187.73,1543.96,7.45,1375.7,1579.27,696.74,28748.41,423.24,3161.07,43123.92,42.22,426.68,2620.28,42691.32,3510.47,4097.13,10.93,2650.03,4862.17,645.32,1087.04,1834.2,2551.85,6248.22,261.56,330157.52,76393.67,13654.05,3469.76,9891.79,558.2,20567.78,443.44,47905.03,193.82,24534.43,9561,6430.54,15576.98,82.19,4103.89,6266.43,2926.39,145.38,724.83,180.62,1074,4450.51,719.24,13826.93,1922.69,7791.26,7608.36,35.5,2543.14,40.15,45164.42,1973.64,6143.69,5739.93,6777,41528.64,3742.63,17035.24,11319.16,24769.21,3202.76,4005.21,19664.36,1173.21,2191.46,235.04,52924.74,2240.53,589.98,9270.01,7468.22,33034.48,26501.95,4195.89,30.49,15495.18,121814.86,626.97,50.5,1331.55,3058.03,1681.27,3651.62,1583.14,1893.68,10123.5,17958.45,14480.44,9385.58,15.89,11.72,36532.18,690.47,3728.17,3940.17,1940.58,2709.12,17345.56,67291.53,214.26,1199.14,45.12,134.79,1389.12,27526.9,2759.96,6927.84,49223.32,139.72,26943.66,190553.35,17965.44,12576.89,143.62,15646.06,46836.31,1593.12,16035.58,6020.22,219569.95,102682.19,79338.04,2578.29,78711.13,980740.79,1002839.76,835891.5,829458.19,179595.83,559762.23,293689.31,322155.96,254373.4,277260.87,273405.53,670901.99,1912331,2439722.32,110293.72,417097.6,527391.32,1148939.73,441893.83,400805.71,432442.63,408827.71,2386048.39,209719.92,932447.29,44281.66,41860.47,41860.47,2176328.47,210013.86,756611.37,14439.49,2566.79,675399.72,266210.45,19584.57,491552.94,491552.94,322252.14,322248.46,322252.14,1243881.18,3072596.43
1981,7393.6,1279.99,3342.54,10226.88,22,76166.27,1177.07,66259.12,4997.78,3966.75,4.76,8.38,74789.31,38.4,12876.37,5920.72,92.24,1454.03,434.46,9938.69,1812.77,4583.33,179450.11,33.79,6148.16,3466.8,455.76,22.38,9159.98,5684.88,19582.5,22157.62,7073.07,6728.95,518891.54,34667.63,103.41,17826.08,1664.77,3327.25,1454.25,1982.67,8430.32,160.54,8319.42,6409.06,188.04,11.18,3551.45,5426.77,9123.11,1400.29,7.55,1360.59,1560.55,690.12,27274.84,428.39,3129.23,43064.29,40.31,424.65,2622.64,43005.56,3003.02,4021.68,10.85,2725.22,4341.4,714.3,999.97,1905.61,2521.04,6263.44,267.5,334751.99,77370.46,14022.24,3528.95,9474.05,542.42,20496.62,426.85,46215.56,227.14,24501.95,9362.82,6523.56,15137.11,65.06,4077.04,5901.7,2924.65,144.2,731.75,181.28,913.81,4477.7,728.76,13519.97,1721.83,7437.52,7548.34,33.96,2715.96,37.47,46857.26,1973.01,5988.19,5484.13,5642.4,41489.96,3056.33,17073.57,11409.14,24867.66,3203.46,4052.84,19225.22,1175.31,2252.73,251.61,54388.28,2282.79,490.83,9651.98,8108.07,32536.79,24807.64,4244.45,29.62,15884.69,121689.1,613.7,53.5,1282.62,2914.15,1531.44,3714.46,1601.37,2002.36,10472.88,17439.45,14425.54,9562.9,16.6,12.06,33557.64,740.79,3726.96,3824.55,2117.64,2700.1,16156.71,67250.32,218.43,971.09,51.89,123.87,1366.27,28926.91,2729.49,6195.32,49128.29,145.62,26574.51,195438.94,18239.63,12482.11,142.62,16012.35,46778.8,1621.01,12996.19,5825.49,199858.15,90649.39,76689.65,2510.17,77684.76,984753.9,976773.05,822732.93,816206.57,179391.05,558954.34,295151.76,321942.07,252933.09,257102.62,245216.9,661095.58,1903440.28,2403761.32,109844.28,390476.76,500321.04,1136529.21,443803.65,401924.75,434631.82,380728.59,2350786.41,188759.68,928357.29,44438.37,42079.08,42079.08,2162026.73,215023.15,750193.68,13354.22,2692.04,666965.19,238323.13,18556.43,498394.24,498394.24,290507.54,290503.65,290507.54,1233669.44,3027894.34
1982,7327.15,1291.02,3506.66,11974.22,23.35,74180.04,1192.53,72806.32,5080.3,3971.65,4.7,9,74782.82,36,13076.34,5897.48,108.11,1646.61,449.24,10177.84,1807.57,4955.55,182728.55,30.95,6252.04,3710.44,452.84,25.06,11008.85,6056.63,19578.52,28008.84,7875.97,6713.52,513074.92,35249.62,100.97,21630.82,1773.18,3340.74,1604.78,1987.55,8756.58,169.84,8384.58,6288.72,188.02,11.62,3723.6,5553.37,9484.14,1229.63,7.61,1370.65,1578.05,667.57,28506.22,440.85,3077.99,43031.77,42.68,442.89,2563.9,42957.17,3264.67,3916.17,10.58,2736.86,4692.87,945.44,1073.11,1965.93,2706.53,6361.19,255.98,333773.22,83162.9,13904.37,3460.35,9554.73,573.73,20615.73,460.31,45689.22,224.69,24648.87,10333.05,6253.86,15054.51,61.64,4112.82,5883.55,2957.38,142.84,749.84,187.68,1110.19,4508.28,725.66,13745.19,1945.67,7121.76,8217.43,34.65,2791.53,38.11,48565.8,1998.89,6032.65,4147.5,6516.47,40163.61,2892.27,16539.13,11594.83,24882.97,3433.81,4214.47,20066.66,1167.96,2267.23,257.41,54895.18,2322.86,2518.91,10197.5,8327.56,30921.96,25164.46,4286.88,17.65,15899.43,123445.77,637.08,56.86,1504.58,3098.86,1610.98,3746.91,1604.46,2104.24,10750.01,17940.58,15799.76,8622.06,17.35,12.31,37709.07,748.43,3757.72,3811.71,2209.44,2726.89,17704.08,66294.91,228.01,1219.37,46.4,119.94,1418.6,29136.09,2754.6,6817.69,49745.86,155.16,27181.9,193240.31,17985.09,12619.5,145.91,16395.82,47005.84,1642.77,15652.22,6443.79,219541,101504.66,80892.21,2636.48,78444.34,996569.79,982473.19,822482.35,816225.55,181138.04,564993.08,298411.72,325563.73,255233.74,278796.58,271589.43,667655.07,1908935.67,2440793.92,115452.69,416405.57,531858.25,1133442.39,449679.4,407638.63,440130.46,407360.94,2387403.29,208641.32,943740.96,44053.38,41439.57,41439.57,2178761.97,212820.51,759238.37,13836.57,2807.67,674210.84,265890.73,19280.72,496388.95,496388.95,321045.66,321042.06,321045.66,1235021.02,3071454.18
1983,6857.48,1315.63,3665.27,11795.27,23.48,75447.8,1217.68,64423.41,5106.83,3997.58,4.62,9.27,69385.39,35.92,13345.52,6011.31,91.33,1597.68,464.67,11246.83,1778.68,4750.64,182115.25,30.37,6241.14,3697.82,452.02,19.87,12692.27,5559.91,19108.02,24744.74,7420.79,6603.35,513363.91,34308.96,97.61,21180.61,1783.51,3411.33,1583.83,1954.81,8492.18,180.92,8482.89,6305.25,206.44,11.97,3977.77,5314.03,9321.97,1190.85,7.72,1404.14,1616.74,672.77,28540.9,439.94,3034.91,43243.11,42.5,384.75,2517.03,43290.82,2963.42,3865.53,10.18,2884.84,4461.01,838.71,886.49,1980.57,3042.38,6401.82,256.84,344316.2,79958.4,14049.66,3360.59,9769.36,603.72,19364.11,514.65,45622.27,212.54,24858.63,11562.33,6259.48,16125.04,60.01,4153.83,7890.91,3018.52,135.2,719.23,197.12,1123.7,4589.87,738.72,13637.26,1947.25,8142.64,7211.57,37.47,2500.21,36.57,48704.43,2040.68,6131.71,4395.14,6358.4,42184.02,2783.58,17067.89,11940.47,24676.3,2958.92,4333.87,20106.92,1162.36,2241.34,267.36,55566.81,2303.12,933.43,10490.23,8035.78,30095.8,24167.84,4154.5,20.09,15961.36,126048.94,649.25,58.13,1718.91,2825.48,1461.97,3788.34,1573.5,1991.78,10432.59,18176.48,15405.21,8812.07,18.15,12.86,35829.58,745.57,3711.11,3831.46,2391.27,2762.67,17497.47,71631.14,243.38,1059.25,37.38,110.88,1486.99,27858.67,2775.72,6575.08,50673.71,167.45,27553.73,187570.1,15946.29,12796.69,149.5,16508.69,46908.58,1664.62,15247.89,6416.78,216770.67,94802.66,79066.81,2476.34,77796.83,1004635.24,981611.34,829128.88,822866.32,180730.25,567123.27,301506.53,327629.18,253956.46,271013.68,261451.92,651208.08,1923282.34,2445460.11,115482.72,406695.04,522177.76,1139275.46,448246.59,408196.46,438907.23,397883.81,2394885.83,199991.53,951840.59,44897.66,42013.39,42013.39,2194894.3,206679.74,742479.73,13427.26,2690.12,661078.19,256255.82,18593.72,502470.66,502470.66,311573.33,311569.92,311573.33,1243053.71,3062602.6
1984,5970.79,1313.61,3524.96,8215.22,23.61,76118.51,1248.17,65651,5216.57,4081.33,4.69,9.74,71248.62,36.86,13612.5,6123.33,94.87,1606.82,478.43,9559.25,1781.65,3801.74,183090.13,33.04,6303.58,3799.38,467.7,19.22,8164.99,5609.93,18942.94,24106.74,6498.07,6395.38,509024.04,32920.76,98.89,13149.92,1631.92,3493.95,1631.91,1972.82,8626.53,194.12,8586.36,6045.05,217.84,12.59,3961.42,5994.95,9346.97,1212.91,7.81,1346.64,1640.64,636.51,27588.25,462.51,2925.25,43399.64,39.69,361.47,2577.55,44075.42,3061.02,3791.71,9.52,2807.97,4410.33,762.08,975.16,2006.81,3238.7,6413.48,263.37,347300.16,80747.62,14699.58,3167.14,9942.78,621.2,21284.44,548.44,46040.2,212.4,25398.95,11929.43,6223.22,16606.04,69.18,4246.68,5651.39,3089.11,134.09,708.5,194.32,1093.79,4683.58,744.46,13037.77,1642.61,6558.82,6435.05,41.08,2379.03,38.68,49481.05,2088.75,5972.86,4126.03,4403.99,40232.04,2638.31,17336.67,12016.62,25037.51,3252.4,2802.84,20340.45,1154.97,2243.76,265.31,56117.09,2280.88,436.66,10160.76,8481.01,30132.25,24509.83,3985.85,23.49,17338.3,129113.77,614.49,60.85,1788.83,2855.43,1310.16,3835.77,1580.04,2022.67,10592.37,17792.66,15671.47,9655.38,18.97,13.5,36054.45,750.65,3692.26,3839.77,2268.48,2823.42,14317.72,69136.42,264.15,1073.79,32.25,107.4,1569.01,27762.28,2838.33,6638.54,51840.28,179.39,27284.4,188030.04,15166.23,13104.92,149.94,16542.6,46556.24,1684.43,9790.7,5934.58,191446.66,90937.48,78805.81,2606.55,79953.52,1000910.83,966800.81,811845.62,805619.18,184241.87,577697.59,308629.05,335111.7,259103.56,252789.76,235281.14,656564.53,1920271.55,2411997.7,115905.46,375820.69,491726.15,1135807.22,448219.06,409111.69,438730.66,362697.64,2362119.21,183437.91,938176.25,45042.93,42044.72,42044.72,2178681.3,206974.5,747867.3,12285.92,2741.68,668239.14,228905.59,17634.16,508107.3,508107.3,282384.14,282380.82,282384.14,1240505.05,3035226.34
1985,5302.55,1262.2,3522.2,8459.73,26.28,75307.59,1265.05,76341.84,5278.92,4112.81,4.67,11.32,71899.92,36.27,13870.37,6166.98,92.62,1519.87,497.45,10343.13,1751,3653.89,184605.47,24.36,6118.66,4173.96,423.7,21.82,10265.5,5668.71,18624.97,20135.84,6010.53,5712.09,495018.21,32861.03,94.46,13828,1687.93,3344.1,1613.72,1925.1,8494.66,203.16,8506.89,5903.59,231.1,13.77,3903.81,6195.78,9067.9,1284.26,7.84,1383.63,1657.07,665.88,27978.77,481.39,2864.93,42658.38,45.11,362.59,2577.88,44293.85,2803.02,3753.7,8.72,2824.68,3828.83,596.67,812.02,1961.23,3198.65,6270.95,266.94,349208.19,80726.94,15508.13,3053.45,10088.18,628,21322.28,513.39,45895.88,236.31,25511.82,11667.38,6241.63,17024.1,81.54,4250.29,5276.2,3145.82,136.44,740.22,190,1093.83,4744.57,753.91,12949.01,1763.37,6465.94,5868.83,42.38,2520.63,42.95,51559.81,2122.44,5873.14,4488.65,4524.68,40282.25,2649.53,17282.23,11892.24,25052.62,3260.86,2320.52,20306.35,1149.8,2218.64,283,55401.89,2259.21,435.72,10683.61,8221.51,30863.07,24507.59,4044.74,33.6,17958.19,130654.69,645.79,66.47,1774.37,2952.86,1283.68,3805.57,1543.9,2095.99,10987.64,16934.96,15508.35,9431.68,19,12.84,33980.51,742.13,3576.13,3804.37,2109.69,2832.83,14591.4,69223.67,264.31,970.52,39.22,102.84,1642.33,24585.02,2831.08,6338.57,52525.26,191.84,26984.27,183038.91,15649.19,13172.34,155.57,17160.97,46408.16,1703.4,10334.25,6112.61,190758.44,84889.84,77244.2,2394.61,80184.31,1005077.49,966129.35,800200.66,793955.74,183768.92,576259.22,308551.72,334984.42,258536.03,247074.87,229214.75,660722.78,1912564.54,2399096.58,115274.76,371257.29,486532.05,1125269.11,452056.39,412523.86,442690.66,358982.6,2348738.31,175902.92,945594.13,45839.47,42793.42,42793.42,2172835.39,201665.28,750231.14,12120.33,2852.63,672932.85,221966.54,17367.57,509024.07,509024.07,275648.28,275644.57,275648.28,1227241.26,3026622.06
1986,4394.66,1332.3,3455.44,8072.5,26.33,74253.79,1260.85,71804.96,5233.17,4166.86,4.63,12.49,72440.67,39.59,14010.84,6185.13,93.34,1406.01,512.89,9926.28,1699.96,3497.66,192176.58,14.9,5952.8,4276.65,506.79,24.7,11019.85,5875.29,18143.76,20785,6272.82,5748.41,501386.94,33155.51,92.22,12880.18,1738.64,3311.83,1701.57,1859.94,8504.26,202.68,8474.89,5772.31,238.23,15.03,3879.4,6696.12,9380.42,1351,7.9,1442.5,1667.05,675.11,29522.72,496.97,2826.01,42850.46,51.85,379.36,2595.65,44479.89,2857.64,3750.42,8,2799.66,3328.99,586.11,858.35,1907.39,3161.89,5842.3,260.08,353305.56,82988.38,16239.77,3017.48,10054.49,654.58,21095.19,564.47,45045.35,204.4,25512.18,11816.06,6237.39,16659.23,66.82,4247.37,5683.4,3185.18,142.94,747.44,190.18,1019.8,4793.68,753.38,12901.31,1717,6575.53,6083.21,44.77,2590.35,45.44,52354.15,2147.74,5874.62,5041.72,4296.11,40351.17,2774.86,16844.34,11974.82,25597.11,2936.62,2480,20402.37,1131.23,2211.51,286.19,61406.67,2246.24,832,10928.26,8020.63,30631.27,24292.99,4151.43,48,17052.88,131420.7,625.39,75.56,1884.19,3149.69,1276.54,3791.97,1496.04,2115.23,11063.33,16848.81,16382.51,9069.2,19.07,12.24,32613.82,739.01,3384.07,3768.91,2151.77,2858.24,14497.53,65569.78,266.64,1023.21,41.55,105.32,1598.18,25082.14,2811.87,6561.79,53031.23,208.79,28829.49,177973.31,15726.09,13133.72,161.26,17775.6,46149.64,1721.23,9746.77,6380.4,189333.49,86488.05,76837.8,2495.4,78409.72,1022355.94,967194.66,806475.17,800234.44,184918.25,579034.93,309448.55,335601.48,257550.42,248436.23,227657.76,652142.38,1930879.43,2424649.62,122427.81,371342.38,493770.19,1135860.28,460203.29,419919.13,450806.62,358778.38,2373846.05,175318.05,960121.05,47417.21,44211.39,44211.39,2198528,196118.26,743037.69,12158.28,2905.22,664715.03,219440.55,17558.9,517974.16,517974.16,275821.54,275817.67,275821.54,1238406.95,3043764.04
1987,4760.69,1456.88,3585.98,12456.9,26.32,73259.04,1274.29,66154.24,5179.36,4215.76,4.47,13.85,70306.02,40.97,14319.1,6333.91,98.69,1458.59,532.08,11370.87,1707.45,4489.31,201195.93,17.88,5909.01,4421.69,484.56,27.65,11051.31,6143.18,17903.56,22526.25,6704.02,5950.47,504941.8,34112.08,89.17,22858,2032.72,3282.29,1749.53,1882.05,8347.66,209.7,8560.93,5616.57,252.4,18.25,4111.61,7138.13,9527.23,1404.54,7.96,1398.28,1696.62,662.75,28308.18,508.02,2724.67,41230.94,58.75,394.77,2653.4,43607.26,3037.25,3762.08,7.52,2847.98,3372.68,588.87,815.22,1835.96,3163.24,5823.22,248.94,348474.46,84017.37,16240.47,3145.1,9945.09,686.33,20958.57,568.34,42535.29,239.42,25890.64,11740.66,6235.53,16100.71,78.48,4309.38,6263.01,3236.35,148.63,877.52,191.81,941.46,4867.52,762.6,13185.22,2222.54,7110.94,6156.31,46.18,2664.33,45.86,51297.24,2189.65,5947.41,5591.84,6761.53,39806.64,2893.85,17324.94,11678.94,24471.71,2677.68,2402.77,20528.95,1139.11,2185.35,291.43,61141.94,2226.89,1465.26,11636.42,8541.79,29209.59,23427,4129.17,56.12,17087.34,133844.59,626.7,83.24,1815.71,3370.88,1323.87,3825.75,1507.99,2147.43,11526.62,17325.27,15557.58,7864.62,19.17,10.87,33286.07,703.4,3253.46,3679.57,2239.39,2899.05,18189.89,65291.42,265.94,1091.61,47.01,109.71,1735.56,25439.41,2862.24,5617.66,54211.65,223.1,28614.91,174414.1,16577.88,13376.11,168.01,18568.06,45583.09,1746.72,16442.33,7244.33,218741.03,90254.46,79198.61,2432.95,77823.76,1020359.08,961063.67,810161.52,803922.58,181260.25,579307.82,314785.07,340094.12,252819.82,266037.74,255255.48,634436.11,1952088.43,2472396.92,124530.55,395777.94,520308.49,1151929.25,472735.99,430690.82,463585.61,387466.67,2420428.11,190432.34,972667.78,48605.39,45394.21,45394.21,2229995.77,192319.01,724761.75,13484.18,2968.79,648179.8,251561.96,18885.92,510404.91,510404.91,308995.49,308991.58,308995.49,1257327.98,3073432.28
1988,5054.15,1542.9,3568.52,7476.44,26.3,75509.4,1248.02,67192.35,5060.68,4167.32,4.42,17.19,69281.53,43.69,13978.92,6291.51,101.2,1389.73,464.91,10474.1,1662.67,3585.08,201865.83,18.73,5761.1,4466.75,490.16,33.85,12660.66,5987.94,18311.23,19712,6585.97,6061.86,504630.34,34691.72,89.89,12041.8,1873.2,3192.85,1764.83,1832.44,8279.62,213.5,8627.7,5436.43,268.24,18.64,4098.1,7231.45,9415.46,1483.14,8.03,1398.64,1669.97,657.5,27933.85,518.42,2617,40403.03,56.5,400.6,2607.47,42764.12,2755.72,3791.43,7.26,2911.76,3085.67,579.96,787.9,1801.71,3083.76,5656.37,244.41,358638.62,79765.08,15708.88,3068.43,9991.77,733.4,20987.66,546.9,41606.36,256.21,25513.48,12574.75,6229.75,15430.85,73.2,4247.81,5355.58,3187.8,147.65,864.45,187.15,964.29,4790.44,766.56,12496.78,1530.48,6591.36,6471.21,47.36,2773,46.32,51316.77,2153.35,5986.5,5122.93,4083.66,39379.83,2774.76,17428.05,11190.49,24766.59,2898.96,2485.28,21048.84,1115.51,2161.24,294.67,62565.63,2254.63,371.69,11388.46,8428.51,29773.86,23179.49,4202.8,56.77,16892.62,131687.04,603.91,83.49,1765.67,3296.02,1329.45,3852.05,1467.94,2237.26,12050.11,17441.29,17607.2,8702.77,19.16,12.13,31706.52,687.17,3272.79,3666.73,2456.55,2858.9,14584.02,67869.38,248.81,1124.9,51.27,120.38,1721.98,25385.44,2830.1,5675.76,53299.32,237.48,28517.44,175257.63,17138.95,13188.37,168.63,18660.02,45844.61,1789.07,9222.13,6492.63,185828.99,87416.6,77843.82,2384.96,76917.92,1024983.09,958417.31,807785.49,801552.27,180903.33,573608.07,310140.32,335152.25,251562.26,247108.53,224281.69,635112.83,1952883.49,2443402.94,124961.31,365558.14,490519.45,1153062.78,475964.37,433091.12,466828.82,352280.67,2390882.48,171970.13,961104.34,47713.93,44488.19,44488.19,2218912.35,193570.24,725352.11,12355.06,3074.57,646826.47,218363.07,17814.58,522135.83,522135.83,273245.58,273241.53,273245.58,1257808,3044655.33
1989,4962.4,1593.22,3672.45,8892.4,23.77,77006.24,1260.79,70496.75,4955.28,4225.6,4.54,19.42,70355.96,51.84,14180.79,6364.95,105.87,1483.61,463.25,10595.14,1620.87,4095.49,206009.15,18.41,5679.26,4669.22,490.31,36.73,12351.39,6515.57,18690.49,23247.61,7250.15,5993.98,516974.21,35854.52,91.19,15406.62,2030.05,3112.94,1883.52,1778.85,8507.73,216.78,8798.73,5431.97,280.77,20.24,4332.06,7253.92,9941.91,1532.95,8.1,1461.18,1692.1,698.54,29976.93,523.16,2560.33,40405.79,61.83,400.66,2602.4,42444.96,3130.98,3763.8,7.29,2851.87,3427.57,638.1,756.6,1754.8,2950.06,5656.2,241.61,362918.71,81792.85,17710.49,3220.25,10257.36,737.93,20874.04,541.81,41179.08,277.95,25784.92,13108.88,5900.46,15257.09,72.8,4291.77,4787.77,3248.75,152.03,808.51,191.93,1043.62,4871.55,769.68,12812.29,1683.22,6035.25,6743.9,48.61,2900.01,47.08,53649.13,2196.44,6047.18,5393.2,4920.51,38174.29,2952.17,17216.06,11358.98,23717.1,3447.64,2594.77,23093.43,1067.29,2164.63,296.97,63868.15,2261.67,421.87,11554.47,8401.09,30127.85,23940.79,4214.53,58.85,16375.48,133292.13,627.48,82.91,1768.29,3463.98,1395.18,3907.17,1431.06,2210.42,11991.64,18144.12,17422.17,7719.24,19.17,11.45,33945.28,685.88,3347.43,3693.85,2497.26,2900.8,15917.2,66335.54,257.71,1189.89,46.41,95.17,1721.86,25370.7,2845.01,6219.95,54197.44,249,28778.94,172495.7,16092.69,13337.12,175.36,18826.39,46329.21,1838.43,11472.35,6780.02,202551.56,96356.81,81433.18,2332.96,77379.95,1043779.9,970858.13,818593.57,812689.55,180807.88,577431.09,312822.04,338541.68,251816.59,262708.33,244643.58,634437.59,1987119.88,2501151.05,130030.85,384000.32,514031.17,1169592.22,485170.22,443223.7,475757.29,371148.52,2448797.71,186482.95,981460.53,51002.09,47750.21,47750.21,2262314.76,191187.85,729152.05,13144.3,3054.44,647273.3,239980.63,18531.69,527503.94,527503.94,298908.37,298904.25,298908.37,1280854.24,3102061.7
1990,5360,2200,4360,15040,30,84680,810,103350,6570,3180,10,20,50340,60,16130,7780,100,1750,520,11180,1930,5320,242130,10,5900,6210,600,40,11990,6050,23860,8360,7970,6370,336950,41850,150,12380,980,3390,2700,2340,9100,150,7740,6850,360,20,4230,8660,11270,1950,10,2180,1760,710,34430,600,3390,50390,170,490,1510,52060,3520,4700,10,3360,3980,700,630,2150,3850,5000,330,433940,78110,21390,3940,13360,420,27730,650,19000,350,25890,16540,4580,9740,80,3450,4540,2930,170,850,170,1250,5080,460,15680,1120,4820,8710,90,3710,50,55430,2730,8240,6450,7570,35050,4230,14380,14490,27980,4910,6350,22650,1520,2750,370,60520,2170,610,13060,12580,36250,25750,5260,70,18270,149570,740,110,2020,4750,1600,3850,1630,40,15890,17710,22250,5360,20,10,25180,520,4380,4870,2900,3040,19060,50880,310,1030,60,110,1970,21080,3610,6070,60060,310,27610,196960,16700,13520,240,21850,37030,2780,9720,7140,232290,91900,83600,2180,80250,1120620,770550,610410,605830,223930,654110,342630,370720,300160,267830,247880,719110,1967690,2470960,129020,374250,503270,1035300,551780,506640,542610,364430,2411480,196960,1042950,60570,57190,57190,2214520,220820,818400,17040,1050,737580,258890,20270,570420,570420,324190,324190,324190,1171570,3152440
1991,5610,2230,4180,15090,30,83650,800,102440,6560,3120,10,20,50100,60,15820,7840,100,1830,530,11340,1860,4970,250260,10,5600,6410,610,40,11580,6020,23770,8550,12210,6440,341210,41440,150,12260,980,3360,2780,2270,8980,150,7400,6900,360,20,4480,8590,11980,2000,10,2190,1720,730,34610,610,3220,48970,170,500,1480,48570,3680,4590,10,3440,4140,700,830,2300,3820,4880,330,437560,77380,20870,2840,13590,410,25960,690,18980,430,25380,15790,4390,9730,20,3390,4420,2870,190,860,150,1220,4980,460,15590,1110,4620,8670,90,3830,40,55010,2680,8570,6230,7620,34460,4350,14300,14620,27400,3910,6600,24060,1470,2800,390,61520,2190,610,12080,12310,37060,23470,5190,80,16400,146650,770,110,2090,4870,1570,3680,1570,50,13970,17890,22190,4830,20,10,26020,580,4270,4820,2960,2980,19140,52860,370,940,60,110,2090,19870,3540,6300,58880,330,27610,198230,17490,13250,250,22550,38220,2650,9810,6200,230460,98710,82030,2480,74840,1119430,775390,616830,612440,216820,634860,333360,359100,288010,271950,252390,709640,1973220,2480230,129510,377500,507010,1042720,558120,511420,549070,368440,2421230,201490,1045460,59430,56000,56000,2219740,222000,806140,16860,1080,727540,263680,20420,574450,574450,329170,329170,329170,1174280,3153420
1992,5670,2220,4370,15150,30,84630,710,100150,6430,2650,10,20,50380,60,13970,7710,120,1860,500,11590,1840,4760,254460,10,4860,6570,610,50,11880,6040,24490,8560,12740,6600,341330,42030,160,12340,980,3310,2840,2080,9100,150,6600,6890,360,20,4240,9400,12490,2020,10,2250,1800,750,35480,620,3130,47870,170,490,1280,43370,3610,4530,10,3670,4310,720,890,2650,3760,4300,320,440170,82720,22460,3290,13650,420,25510,750,19380,540,22270,15670,4340,9830,20,3230,4610,3490,190,960,150,1170,5440,450,15770,1110,4650,8680,100,3730,40,54070,2240,8400,6030,7680,36600,4260,13930,14420,27000,4340,6830,24320,1240,2830,420,62160,2230,640,12450,12210,35120,21840,5060,90,14480,133740,740,110,2180,4960,1560,3280,1310,50,12660,17670,22030,4950,20,10,28500,640,4390,4720,2890,2600,19050,53700,370,850,60,100,2050,20270,2290,6410,52460,350,27610,200940,18420,10280,260,22730,39370,2700,9830,6770,234390,100030,84210,2670,69480,1130210,781200,624830,620490,209730,590520,299290,323210,275170,279970,256970,701860,1958620,2471830,127960,385250,513210,1028410,566580,518620,557410,376440,2413460,206380,1049760,62140,58540,58540,2207080,225430,797470,16660,1100,710890,268490,20430,577760,577760,334420,334420,334420,1157320,3138050
1993,5720,2360,4450,15070,30,83270,630,98310,6190,2530,10,20,50140,50,13360,7660,100,1860,500,11810,1760,4560,254580,10,3780,6700,590,50,12560,6040,24320,8570,13290,6820,338760,42690,160,12260,990,3300,2750,1990,8390,160,5760,7000,370,20,4450,9850,12760,1930,10,1850,1590,630,31430,670,3090,47340,180,470,1160,41880,3620,4580,10,3900,4500,730,1010,2510,3340,3730,320,443690,81360,22630,3890,13750,430,24570,750,19590,570,22260,15550,4280,10110,50,3040,4630,2940,190,930,130,1130,4350,450,16030,1120,4790,8790,100,3850,40,55220,1940,8300,5200,7750,38460,4110,14460,14150,26870,4880,7150,24860,1240,2800,440,64050,2250,680,13510,12240,36090,20090,4850,110,12460,128090,700,110,2250,5080,1630,2850,1330,50,13900,17090,21480,5060,20,10,30680,570,4450,4630,2260,2400,19350,53470,390,830,60,100,2180,20060,2750,6590,49750,380,27610,201320,19060,10570,280,22320,40180,2760,9680,5210,232250,102080,87600,2690,60870,1133200,780010,625120,620840,203310,568360,286750,308830,262570,281440,258340,692000,1947970,2466570,129120,389480,518600,1016480,569010,520610,560560,381470,2408820,207680,1054590,62170,58390,58390,2201140,225640,788480,16000,1170,697630,275780,19860,583620,583620,334330,334330,334330,1146550,3123140
1994,5930,3020,4270,15100,30,83900,620,100000,6090,2380,10,20,50640,50,12660,7630,100,2010,490,12080,1650,4800,259460,10,3040,6870,540,50,11320,6050,24420,8640,13880,7060,346380,43380,160,12210,990,2980,2870,1900,8950,160,5000,6840,380,20,4380,10220,13000,2020,10,1880,1270,640,31700,700,3050,47360,180,510,1130,41310,3650,4610,10,3770,4720,740,990,2490,3640,3290,320,446370,80940,22860,3990,13780,460,24390,720,19890,480,21960,15580,4260,10100,60,2790,4910,1870,190,890,130,1100,3700,450,15660,1030,5030,8960,100,3750,40,55070,2260,8170,5420,7790,39620,4080,14660,13920,27820,4920,7430,25820,1220,2830,470,64980,2280,710,14240,12860,39280,19840,5020,120,12660,119640,660,110,2330,5180,1570,2460,1290,50,15080,16670,21570,5270,20,10,32500,590,4460,4640,2430,2390,19420,53530,440,820,60,100,2060,19640,2920,6390,48100,410,27610,205970,19200,10750,280,23080,40660,2730,9500,5370,235670,104830,90950,2660,56320,1144520,794270,636450,632190,200030,551910,275230,296970,257060,290350,263340,695320,1959090,2486540,131500,395950,527450,1020490,578640,529100,569630,387640,2428530,213040,1063200,62880,58910,58910,2215490,230390,791390,15960,1200,699740,282130,19820,588340,588340,340500,340500,340500,1152290,3146930
1995,6250,3090,4280,15010,30,83240,610,97510,5750,2400,10,20,51220,50,11880,7750,80,1830,540,12340,1360,5290,264090,10,2810,7090,550,50,13150,6020,25680,8710,14550,7180,366270,43390,160,12120,990,2630,2930,1780,8580,170,4720,6850,410,20,4450,10360,13140,1800,10,1910,1170,660,31730,730,2910,47310,180,520,1150,41150,3690,4650,10,3770,4940,760,1190,2500,3380,2960,310,448120,84930,23220,3780,13830,460,23700,740,19240,490,18790,15470,4100,10150,80,2300,4900,1600,180,850,130,1130,3270,460,15730,1050,4890,9190,90,3760,40,54380,2160,8830,5370,7810,41130,4050,15410,13870,28480,4220,7710,26610,1220,2860,480,66300,2280,750,15240,13410,40620,19090,4980,120,11670,106330,540,110,2360,5220,1470,2290,1290,50,15500,16690,21820,5220,20,10,33290,600,4330,4570,2610,2290,21510,52260,450,740,50,90,2040,19260,3040,6530,44300,430,27610,206730,19080,10800,280,23280,41730,2780,9350,5500,239750,107100,92410,2860,52650,1158460,820660,665270,661170,198060,525260,252190,273060,252270,296550,267910,691360,1968570,2507390,133730,405090,538820,1026120,582460,532730,573820,397740,2449530,216720,1075860,63470,59430,59430,2232810,232410,786190,16430,1260,691480,288060,20550,593060,593060,346850,346850,346850,1156950,3164170
1996,7040,2910,4310,13680,30,80600,610,91390,5740,2470,10,20,50720,50,11190,7710,80,2190,520,12320,1140,5900,251710,10,2840,7100,540,50,13150,6110,26610,9680,16110,7270,386770,43910,160,9580,410,2550,2660,1680,9060,170,4600,6820,430,20,4650,10640,13400,2050,10,2170,1040,660,33190,720,2890,47140,130,540,1170,40770,3920,4700,10,3750,4670,730,1180,2520,3370,3070,320,451530,85980,23860,3050,13950,460,23850,700,18350,460,15920,14460,3750,10410,100,2140,4900,1540,200,820,120,1180,3100,450,15720,1090,4880,9670,90,4050,40,52840,2090,9380,5610,7670,40550,3900,15630,13580,27880,4060,8040,27370,1220,2910,500,69480,2250,710,14790,13630,42580,18350,5080,120,11610,96840,600,110,2390,5480,1080,2320,1320,50,15840,17310,22320,4520,20,10,34540,590,4330,4540,2770,2190,20200,51470,470,790,50,100,2220,18870,3130,6710,40140,470,27610,206130,19350,10430,280,23010,43050,2880,8550,6690,239130,110910,94700,2810,51470,1167390,836930,688890,685140,197760,505550,233630,253660,251060,302260,270400,683670,1961810,2506670,136960,407900,544860,1022010,567140,517310,558020,399560,2449680,221730,1080240,64520,60370,60370,2227950,232740,776720,16700,1250,679520,287390,20760,599440,599440,350040,350040,350040,1147710,3156360
1997,7710,2710,4300,13560,30,79840,610,91070,5650,2610,10,20,51130,50,10820,7550,80,2290,520,12650,1390,5640,256380,20,2600,7390,560,50,13280,6310,26510,9780,16600,7500,349740,43250,170,9390,440,2490,2710,1660,8920,170,4340,6770,430,20,4730,11130,14100,1880,10,2490,940,650,34400,720,2900,46460,140,500,1190,40600,4000,4710,10,3810,4830,710,1220,2660,3270,3020,320,452400,83970,23890,3400,14250,450,23630,670,18110,420,13400,14420,3780,10320,110,2050,5090,1450,200,790,140,1100,3090,440,15670,1050,4940,9780,90,4320,40,53410,1790,9920,5910,6960,39330,3810,15770,13150,28010,4430,8370,28870,1150,2900,520,71150,2130,810,14850,13730,42160,18670,5070,130,11350,84980,650,110,2400,5410,1090,2230,1260,50,16140,17610,23590,4490,20,10,35810,530,4310,4380,2910,2140,19940,52820,460,950,50,100,2130,18610,2650,7080,35420,500,27610,205310,19080,10180,280,23320,43660,3000,8730,6560,241930,114690,98020,2760,50610,1169500,798740,651210,647430,197230,483430,212290,232620,249950,308750,276600,681490,1910860,2464870,140030,413980,554010,976870,572220,522120,563240,405070,2407200,227550,1079360,66010,61790,61790,2179650,231820,774330,16180,1250,671740,293850,20190,603170,603170,356620,356620,356620,1100290,3112010
1998,8220,2570,4540,14980,30,77140,560,93830,5510,2720,10,20,50520,50,10670,7460,90,2440,510,13130,1450,5190,262050,20,2620,7440,500,50,13200,6830,27450,10730,17150,7600,366920,43550,170,9770,460,2500,2710,1620,8830,170,4030,6820,440,20,4820,10240,13210,1710,10,2620,900,640,37620,710,2830,46100,140,520,1210,39390,4550,4690,10,3810,5300,710,1120,2670,3110,2910,320,456390,85890,24540,3570,14630,460,23470,670,17260,370,11200,14700,3780,9950,110,2120,4770,1360,200,730,150,1180,2970,440,16090,1160,4850,10320,80,4560,40,54070,1530,10210,5800,7930,39930,4120,15920,12790,27350,4290,8680,30240,1080,2910,540,72990,2160,740,14940,14120,36750,17880,5040,130,10850,78630,730,110,2330,5270,1030,2020,1230,50,16170,18060,23930,3690,20,10,37820,520,4190,4340,3210,2070,22110,49690,480,1120,50,90,2200,17670,2840,7570,30080,530,27610,203430,18620,10110,280,23790,45010,3140,9640,6980,256260,120410,100240,2650,48390,1173700,811870,663460,659680,195010,464080,196510,216010,245930,323560,292410,677470,1915560,2489910,144350,430000,574350,986950,575800,525600,566910,422080,2432880,240400,1084650,66600,62400,62400,2192480,230880,770890,15950,1240,663360,310090,19840,608240,608240,376670,376670,376670,1107830,3134140
1999,8990,2640,4750,13950,30,79230,560,108450,5490,2830,10,20,52240,40,10420,7800,100,2330,540,13730,1510,5160,263870,20,2760,7590,500,50,14030,7070,26530,9620,18310,7520,373880,41790,170,8900,470,2370,2680,1660,8410,170,3930,6530,460,20,4380,10440,14640,1840,10,2690,860,610,37160,690,2740,45990,140,510,1280,38850,3970,4650,10,3990,5200,770,1220,2700,2760,2990,320,457740,85860,24060,3470,14750,460,23540,670,17110,390,9880,15730,3880,9490,120,2170,4720,1250,200,1050,150,1070,2740,460,15890,1130,4740,11010,90,4890,40,52650,1460,10640,6020,7480,43360,4150,16110,12800,27600,5100,9030,30890,980,2870,580,75040,2140,750,15030,15110,43800,17000,5050,130,10580,70670,830,110,2190,5670,880,1790,1130,50,16330,17910,24270,3990,20,10,39050,520,4110,4240,3060,2100,22670,50480,400,980,50,90,2250,17300,3250,7290,27810,570,27610,202500,18760,10250,280,24000,46610,3210,9010,7220,256520,122220,103570,2750,46690,1193910,847050,684380,680500,194420,450120,184520,203180,243980,330560,294730,687920,1923490,2510760,148620,438650,587270,986430,578570,528110,570110,429740,2453980,242040,1105480,67740,63580,63580,2211940,229030,777530,16190,1230,672200,313310,20170,614650,614650,378740,378740,378740,1106460,3165900
2000,7710,2680,4760,14390,30,79490,570,117540,5390,2920,10,20,52650,40,9750,7500,90,2630,510,13980,1570,4990,268590,20,2730,8140,510,50,13170,7870,26240,11050,19860,7430,372890,42190,150,8710,380,2280,2770,1590,8280,180,3720,6550,460,20,4200,9120,15100,1710,10,2790,750,600,34960,690,2670,48120,130,530,1350,37960,4570,4680,10,4010,5540,780,1000,2920,2860,2950,310,456450,84300,23280,3410,15240,470,23660,670,16900,340,9860,14330,3730,9130,140,2220,4960,1090,200,1000,140,930,2540,430,15630,1200,4790,11370,90,5150,40,53150,1350,10790,6260,6820,44100,4580,16240,12380,26960,5280,9460,31390,1000,2780,580,75980,2120,740,14580,15180,44270,16010,4980,130,10230,69830,820,110,2280,6070,830,1690,1150,50,16480,17780,24740,3810,20,10,41240,460,4000,4190,3000,2090,21350,49710,460,1050,60,90,2340,17160,3780,7370,25700,600,27610,199810,18340,9730,270,24500,46890,3310,8540,6930,254030,129770,106880,2460,44450,1190680,852580,682030,678300,195240,444670,179800,197400,243020,336570,298520,691730,1918620,2510580,148610,443350,591960,986800,582670,532220,574340,434200,2454590,245840,1102750,67700,63390,63390,2208750,226050,782350,16250,1230,674360,318920,19940,613350,613350,383800,383800,383800,1106000,3170820
2001,6420,2620,4800,14680,30,78840,590,126110,5350,3080,10,20,52490,40,9510,7410,100,2200,460,13540,1520,5940,280000,20,2540,7800,530,50,13150,7400,26920,9220,18470,7280,362550,42960,160,9490,450,2190,3040,1610,8060,190,3690,6730,460,20,4490,9810,14760,1960,10,2590,720,530,36800,700,2620,48020,120,480,1360,37670,4010,4610,10,4170,5870,910,1050,2930,2980,2820,300,458380,82830,23040,3350,15230,460,21060,670,16460,340,10390,14270,3930,9010,90,2240,5140,1070,190,990,140,980,2240,430,14710,1180,4730,11260,80,5210,30,53210,1240,9150,6210,7790,44950,4360,16280,12320,27190,5300,9860,31320,950,2770,600,76710,2390,810,15550,15270,44650,15360,4650,90,9750,68790,900,120,2330,5750,1170,1640,1200,50,16790,17410,25160,3620,20,10,38750,500,3930,4230,2690,2110,21910,50510,620,940,60,90,2340,16480,3960,7510,23020,640,27610,199060,18350,9800,250,25300,45990,3470,8740,7130,254630,125680,104270,2560,42640,1196660,849030,670240,666310,191670,435600,174950,191920,238100,333630,294260,695540,1915980,2504560,149320,439260,588580,984540,597140,546030,589030,430920,2448520,241100,1099130,66940,62630,62630,2207420,225980,786170,16980,1230,675680,312420,20770,614360,614360,380310,380310,380310,1108290,3169360
2002,8190,2550,4650,15700,30,81920,610,118970,5280,3170,10,20,53240,30,9220,7120,100,2440,460,14570,1440,5930,295290,20,2230,8100,510,50,13350,7300,27740,8160,19860,7140,353360,42970,170,11860,690,2090,3350,1600,8110,210,3510,6580,460,20,4660,10110,15940,2090,10,2560,740,560,42100,670,2600,46780,140,460,1410,37050,3960,4620,10,4320,6440,930,940,2950,3340,2780,290,449350,84080,22590,3440,15080,440,22350,660,16390,350,14730,14960,4000,8870,120,2280,5230,1110,200,880,140,1010,2270,420,13700,1220,4710,11480,80,5260,30,54480,1310,7320,6130,8650,45350,3820,16470,11730,27910,5400,10240,31630,940,2730,610,78850,2400,920,14810,15690,44760,15110,4600,90,9490,68610,940,120,2350,5350,1400,1610,1170,50,16990,17660,25400,3730,20,10,40610,380,3890,4190,2860,2180,24110,49020,620,1070,60,100,2330,15790,4530,7810,23130,670,27610,198520,19090,9870,250,25430,46480,3510,9630,6370,269240,128460,107770,2320,41620,1204200,832560,660400,656400,190220,436820,178380,195090,235410,349030,312890,687650,1922400,2533980,151990,459590,611580,991950,619180,567340,611030,451380,2477580,256250,1101100,67850,63470,63470,2221330,226260,777930,16400,1200,666950,327500,19920,610290,610290,397700,397700,397700,1120230,3190660
2003,8430,2580,4800,17810,30,88150,640,80490,5130,3310,10,20,53520,30,9020,6810,110,2350,460,14480,1550,2560,307820,20,2360,10090,530,50,14500,7990,27290,10630,21060,7050,344470,43820,160,12950,1100,2000,3300,1610,8230,200,3400,6480,460,20,4540,9980,16040,2000,10,2650,700,610,40740,660,2560,45350,160,520,1450,36020,4270,4580,10,4120,6530,930,1110,2970,3990,2800,290,454750,82620,22740,2710,14990,450,21680,710,16220,360,12160,16030,4020,8740,130,2310,5350,1120,200,910,150,1100,2330,400,14660,1300,4740,12000,80,5370,30,54830,1340,7340,6230,8560,46460,4070,16710,11480,28280,5710,10680,32430,930,2730,630,81560,2380,930,16160,15890,44670,15070,4600,90,9740,69920,1090,130,2370,5040,1790,1570,1180,50,17090,16960,25580,4000,20,10,41780,450,3830,4110,3170,2270,26370,51570,630,1110,60,90,2240,15180,5180,8660,22950,710,27610,197550,19590,10000,260,26200,47080,3890,10590,6190,275420,137560,109550,2610,41880,1219680,789340,655590,651570,186360,431920,177700,194380,231650,361410,328740,644100,1940080,2576550,157630,478840,636470,999520,642520,589510,634250,470920,2519150,268120,1120940,68420,63940,63940,2251030,224840,734300,13380,1210,623090,347100,17200,619430,619430,412980,412980,412980,1130090,3189450
2004,8340,2490,5020,17830,30,89160,670,101080,5040,3410,20,20,52650,30,8800,6690,100,2300,460,15480,1620,2830,323270,20,2400,10380,560,60,14190,7240,28820,9390,22080,7070,353350,44350,160,13800,1180,1910,2640,1710,7790,190,3280,6370,470,20,5000,10490,16360,2010,10,2690,710,610,41380,660,2480,44770,200,570,1410,35030,3870,4700,10,4180,6580,880,1000,2950,3900,2760,280,459040,85320,23020,2980,14990,440,21830,640,16330,360,13490,17170,4000,8840,120,2290,5570,1060,200,870,140,1190,2380,400,14070,1260,4850,13120,80,5300,20,54240,1240,6990,6340,8200,48260,4220,16960,11430,28250,5480,11140,33240,960,2710,640,83560,2350,1020,14910,15730,45870,14550,4600,100,9850,62260,1180,130,2550,5570,2060,1520,1120,50,17250,16610,25730,3560,20,10,42570,440,3850,4040,3580,2400,25610,51430,520,990,60,90,2260,14750,5480,8620,19970,710,27610,197620,20150,11000,270,26660,47970,3940,10510,6410,277980,138940,112120,2420,41340,1235360,825080,670560,666560,184750,421100,169260,185520,229520,369030,330450,664860,1966540,2610950,162120,482290,644410,1017890,659500,605440,651660,475250,2552470,272310,1132060,70380,65720,65720,2280160,226440,753630,13700,1220,640190,350490,17340,624570,624570,416920,416920,416920,1148100,3243990
2005,8500,2470,5050,17720,30,89140,670,81010,5020,3500,10,20,53740,30,8820,6590,100,2650,530,16140,1650,3370,328430,20,2310,10660,590,60,15360,8010,29120,9910,23420,7000,356420,44490,170,13570,1400,2000,3430,1680,7170,180,3200,6270,470,20,4770,10060,16350,2010,10,2730,700,620,43300,660,2450,44430,170,600,1420,34830,4750,4600,10,4450,7300,870,940,2960,4110,2640,290,470030,84400,23370,3430,14700,450,21220,610,16220,410,14120,16610,4040,8890,110,2360,5450,1050,210,960,140,1270,2340,400,16020,1330,4820,13640,80,5380,20,54260,1140,7740,6320,9190,50780,4600,17160,11510,28220,5760,11570,34850,910,2670,680,85880,2430,890,15600,16680,45340,14840,4660,60,9850,58700,1240,130,2610,5770,2180,1380,1110,50,17490,17380,25280,4120,20,10,44020,390,3800,4080,3930,2600,27000,52800,620,1420,60,90,2330,15060,5680,9400,18190,810,27610,199250,20290,11530,270,27540,48540,3980,11040,6370,289090,148190,115100,2270,41100,1262120,812780,678420,674380,182530,414820,165270,181790,227120,384490,348600,644560,1988660,2660880,166940,505280,672220,1026160,667560,612560,660350,495510,2600610,285390,1157510,71940,67120,67120,2315220,228370,733640,14790,1220,617380,366990,18280,639960,639960,437280,437280,437280,1157710,3272710
2006,8650,2420,5190,16430,30,91140,690,99170,4950,3650,10,20,54350,20,8830,6510,110,2500,510,15970,1800,4330,322110,20,2180,10540,640,60,16240,7470,28830,9990,24290,6850,354810,44230,180,13750,1450,1940,3290,1720,7400,180,3140,6150,460,20,4820,10070,16940,2100,10,2620,690,570,46110,660,2440,44310,200,620,1330,34060,4480,4590,10,4450,7460,950,900,2950,3970,2590,300,476480,85140,23490,3550,14640,490,21200,390,16110,410,14940,16130,4040,9000,120,2440,5480,1070,210,910,160,1390,2340,390,15520,1360,4680,13570,80,5520,20,54320,1100,8640,6440,8560,54010,5070,17400,11360,28460,5820,11990,35280,930,2630,690,92280,2440,960,15720,16560,46000,15120,4580,80,10040,56320,1380,130,2500,5960,2860,1350,1090,50,16610,16640,24750,4100,20,10,42600,400,3740,4100,4220,2750,25610,52950,650,1210,60,90,2390,15580,5910,8560,17290,850,27610,199680,21020,12200,280,27550,49560,4070,9930,6050,283140,149860,114440,2020,41330,1289230,837150,684390,680350,180580,412460,164840,181680,225260,388860,346000,661750,1992250,2673580,173250,508080,681330,1019480,663450,607870,656020,497060,2612630,285890,1174630,73590,68760,68760,2326740,228510,750360,16300,1230,633130,360030,19550,653770,653770,433000,433000,433000,1152110,3301930
2007,8800,2300,5290,17490,30,91770,720,94300,4920,3720,10,20,54720,20,8780,6440,130,2570,520,16100,1700,3380,321150,20,2230,10770,680,60,16530,7370,27650,10220,25710,6580,345700,45380,160,12100,1330,2110,3320,1670,7410,180,3160,6260,460,20,5460,9770,17630,2190,10,2820,680,610,51530,670,2380,44840,200,610,1240,34070,4260,4690,10,4810,7670,960,930,2970,4010,2540,300,485860,87380,23550,3720,14410,490,21170,360,16030,470,13930,26740,4030,9190,130,2530,5690,1050,200,940,170,1460,2380,400,16240,1480,4910,14160,80,5420,20,54830,1070,9830,6350,9170,55330,4710,17440,11550,28240,5820,12550,34910,930,2580,710,94630,2380,890,16830,16850,47110,15150,4590,90,10200,56170,1460,120,2530,5650,2310,1300,1090,50,15870,17130,25280,3880,20,10,44390,370,3650,4090,4470,2870,26610,55770,640,1070,60,90,2420,15840,5530,9650,16560,900,27610,200350,20520,12790,330,28020,49530,4230,10120,6280,304130,151300,116920,2010,41450,1317220,832410,684630,680600,181500,412010,163560,180380,226360,400810,357030,656440,2002540,2712040,186370,523130,709500,1012650,666970,611690,659530,512830,2651410,297670,1206040,75200,70250,70250,2353740,228000,747570,15030,1290,627930,378010,18330,665850,665850,455430,455430,455430,1147700,3335870
2008,9800,2140,5220,16670,30,90560,730,77470,4960,3810,20,20,56890,20,8750,6410,140,2460,450,16260,1650,7540,318410,20,2130,11110,740,60,16710,6790,26670,10760,26780,6650,350410,45530,180,12800,1340,2240,3120,1560,7620,180,3130,6090,460,20,5610,9770,17820,2230,10,2830,670,600,53920,660,2360,45030,230,720,1210,34700,4340,4630,10,5000,7940,930,1020,2960,4090,2500,300,490360,89110,20990,3800,14320,510,21480,350,15800,570,14600,27110,3970,9320,140,2630,5820,1080,210,900,180,1460,2230,410,15690,1650,4860,14920,80,4950,20,55350,870,9910,6420,9570,56110,3890,18010,11990,27650,5850,13100,34730,920,2540,720,98930,2500,900,16270,17190,48550,14950,4600,90,10100,58050,1570,120,2270,5950,1980,1280,1130,50,15840,17240,23700,4500,20,10,44240,390,3640,4160,3950,3320,28190,55790,670,1170,60,90,2320,15840,6110,13440,15210,950,27610,201980,20990,13400,330,28350,49660,4360,10130,6410,315640,153570,115990,2130,40760,1337980,824010,693750,689780,181240,413420,165760,182270,225340,408680,369310,639160,2015000,2745680,191060,539620,730680,1018110,665560,609400,657900,528420,2684640,308430,1220380,72360,67580,67580,2376210,228650,730910,18380,1280,609240,386760,21790,678940,678940,469210,469210,469210,1155830,3352150
2009,9990,2030,5530,16730,30,85580,670,80690,4910,3880,10,20,57490,20,8950,6420,150,2530,480,16650,1650,3290,321000,20,2010,11490,810,60,17120,6510,25400,8600,27690,6700,348440,45290,190,12670,1260,2270,3030,1560,8180,180,3010,5990,460,20,5850,10460,15810,2130,10,2830,650,590,56280,660,2340,44430,170,990,1180,34620,4220,4630,10,5300,8260,990,1060,2980,4290,2450,310,481090,93440,21340,4460,14240,490,21520,340,15790,490,13970,25860,3990,9540,150,2860,6050,1030,200,910,310,1520,2160,410,16080,1700,4960,14920,70,5270,20,56130,830,10070,6420,8310,56910,5220,18420,12110,28020,5910,13710,33430,870,2520,730,101420,2540,930,17750,17560,49280,14560,4580,120,9820,55790,1600,120,2050,5920,2150,1220,1090,50,15810,17220,24090,4250,20,10,44870,490,3580,4090,3800,3560,28260,57520,650,1230,60,90,2360,15420,5800,13410,13990,1110,27610,199350,20570,14410,310,28430,49680,4460,9530,6810,313810,152750,115830,2260,39560,1336960,834360,700300,696310,180700,408120,161790,177910,223680,410980,372310,637310,2002510,2740390,192060,545820,737880,1016250,667830,611970,659620,534250,2680610,311760,1217770,71590,66850,66850,2368850,224750,729660,15750,1260,607810,385270,19270,673140,673140,466560,466560,466560,1151080,3346350
2010,11510,2040,5820,17500,20,77640,660,68250,4980,3960,10,20,58330,30,8990,6380,150,2560,480,18330,1640,8710,335810,20,1890,12030,910,60,17290,6790,25290,9630,29400,6680,346060,46280,200,13110,1470,2280,2970,1490,7990,180,2950,6220,460,20,5950,10580,14880,1980,10,2740,650,630,58990,650,2350,43900,190,1070,1210,34200,4430,4700,10,5480,10020,1040,1110,2990,4310,2400,310,484130,96370,21600,4520,13770,520,21640,340,15720,480,15880,25960,3990,9720,140,2940,6420,1020,180,890,220,1580,2110,420,16080,1910,4960,16090,70,5530,20,56470,860,7910,6600,9170,57810,4870,18540,12170,28000,6050,13350,35890,900,2510,760,100400,2550,960,18740,17660,47650,14680,4450,130,9420,55750,1720,130,2320,6190,2050,1190,1090,50,15870,17280,23610,4650,20,10,43300,470,3570,4090,3450,3620,30080,60400,630,1180,60,90,2320,15070,5870,14160,13670,960,27610,199920,19500,15410,320,23960,49540,4510,10520,7280,325850,162170,114030,2290,38890,1342970,822970,701260,697270,178880,408390,163730,179900,221500,418040,389080,622840,2017760,2775120,195560,561800,757360,1030790,673520,623220,665490,550820,2720670,321450,1231740,71320,66400,66400,2399220,225210,717170,20970,1270,594040,399610,24530,678040,678040,488020,488020,488020,1167480,3367470
2011,11530,2030,6020,18020,20,76880,650,118990,4960,3950,20,20,58730,20,9060,6330,170,2660,470,17790,1590,10800,333930,20,1900,12240,990,60,18050,6670,24460,10330,31090,6630,341020,43100,210,12340,1500,2370,3120,1500,8280,180,2920,6160,460,30,5990,10400,16110,1670,10,2870,650,630,57700,650,2320,42900,230,750,1230,33950,4920,4640,10,5440,10670,1020,1170,3010,4350,2360,310,487580,97180,20800,4760,13700,530,20940,340,15190,490,13980,26620,4020,9390,140,3030,6190,1030,240,910,220,1580,2100,410,15460,2010,4900,16370,60,5590,20,57460,870,9070,6940,8610,55870,7130,18890,12010,28120,6630,13910,39030,930,2490,780,106160,2670,950,19150,17640,48600,14380,4560,150,8150,54340,1590,140,2550,6300,2290,1180,1070,50,15960,17100,22950,4730,20,10,43040,500,3540,4060,3930,3740,31460,59610,640,1410,60,90,2290,16050,5770,14080,13180,970,27610,196190,19730,16160,330,24030,49510,4630,9850,7560,328760,170390,116860,2410,37240,1360560,868610,696900,692880,175940,401680,160450,176330,216850,421120,391710,665310,2014780,2785940,206070,565090,771160,1016900,669560,619010,661240,552620,2731850,322860,1250650,73450,68250,68250,2408990,220650,758010,25030,1290,636230,407430,28730,688090,688090,499150,499150,499150,1158340,3421190
2012,11380,2070,6350,17170,20,79420,680,118460,4870,3980,10,20,58820,20,9260,6230,160,2710,460,18020,1550,4840,334260,20,1900,12260,990,60,17500,6890,24610,8940,32810,6690,338530,40340,220,12420,1420,2280,3250,1510,8240,180,2910,6140,470,30,5970,10360,16730,1820,10,2890,660,630,59840,650,2310,42640,220,850,1350,33980,4600,4630,10,5540,11400,1120,1200,3010,4340,2290,300,484400,100530,21010,4890,14230,530,21110,350,15100,490,13830,26360,4020,9650,140,3100,6750,1030,240,910,220,1580,2050,400,15890,2160,4870,16740,60,5760,20,55610,810,10180,6950,9170,55800,7840,19280,11940,28640,6880,14540,41120,870,2470,790,108300,2670,970,20270,17760,49610,14170,4540,160,8110,55080,1570,140,2610,6040,2850,1160,1050,50,16120,17360,22490,4760,20,10,46150,480,3500,4030,3930,3950,31980,59180,690,1330,60,90,2200,17640,6320,14850,13040,980,27610,194030,19150,17330,330,28090,49520,4680,11320,7250,333710,175140,121460,2410,36840,1372220,871310,699440,695420,175560,405100,164650,180330,216090,436680,404130,662240,2015420,2806380,211110,579850,790960,1013000,673130,619050,664860,566220,2748910,334880,1261190,74810,69520,69520,2414030,218640,752320,20050,1290,633280,420670,23750,687400,687400,508850,508850,508850,1152840,3439240
2013,11280,2070,6560,17640,20,80960,760,80150,4830,4020,20,20,58940,30,9390,6130,190,2870,470,18220,1550,4270,330240,20,1790,12600,1190,60,17340,7150,25190,9560,34410,5520,337580,39700,220,13110,1490,2330,3500,1430,8250,170,2920,6090,470,30,6000,10380,16090,1470,10,2920,670,630,61720,650,2310,42780,230,900,1380,34270,4970,4400,10,5620,11640,1110,1340,3020,4420,2410,290,487510,98210,20880,4610,14460,550,20580,350,15110,510,12870,25780,3900,9400,140,3210,6730,1040,250,840,210,1600,1980,410,14470,2260,4870,17290,60,5900,20,56360,770,10890,7100,9520,56510,4370,19220,12240,28530,7250,15310,41820,860,2460,990,112970,2660,960,20700,17690,50000,14140,4470,190,8150,53820,1580,140,2810,6290,2690,1170,1040,60,16140,17000,22330,4980,20,10,46290,490,3480,4000,3910,4080,33540,57330,640,1450,60,100,2200,19340,6390,14850,13360,1080,27610,190920,19260,17840,330,28280,49980,4750,11470,7000,332070,181460,121830,2620,36740,1381690,829450,696240,692340,175340,405480,165350,180920,215750,444800,414150,620250,2007660,2813740,216430,589650,806080,1004610,670950,617710,662650,575010,2757130,340300,1273460,74770,68930,68930,2416830,216110,711610,15960,1300,591920,427370,19880,695370,695370,513530,513530,513530,1143370,3405660
2014,11480,2100,6940,17060,20,81730,780,89670,4830,4040,10,20,59210,30,9380,6220,150,2800,440,17730,1530,2780,333330,20,1900,12860,1150,60,16970,7080,24810,9340,36070,5550,337910,39070,230,12840,1280,2320,3070,1450,8160,170,2950,6020,470,30,6020,9280,15990,1690,10,2930,690,630,63760,660,2310,42900,190,930,1420,34570,4920,4300,10,5820,11900,1060,1480,3000,4460,2440,310,487660,101410,16000,4620,14640,570,20390,340,14830,560,14250,26140,3790,9140,160,3320,6880,1070,250,820,240,1590,1930,420,14670,2390,4640,17470,60,6120,20,56900,780,12530,7240,9620,57430,3980,19350,12560,28840,7600,16040,42730,870,2430,1000,116590,2520,1020,21970,17610,49880,14180,4590,150,8230,54350,1570,150,2700,6160,2890,1160,1030,60,16220,16950,23020,4010,20,10,46240,520,3480,3990,3870,4150,34420,52580,650,1380,60,100,2220,20100,6420,15220,12730,1170,27610,191450,19560,18640,340,28250,49830,4830,11210,5890,332310,184600,122590,2720,37030,1387160,839350,696850,693060,176860,410460,168780,184410,217510,450310,419830,631540,2006260,2824790,220810,597720,818530,1006120,675290,621770,667090,582310,2767630,346330,1277410,70410,64580,64580,2421300,216260,723290,14000,1330,601990,432090,18050,698740,698740,516910,516910,516910,1143890,3427420
2015,10850,2110,7040,17690,20,81570,790,85130,4840,4060,10,20,59260,20,9380,6290,160,2850,420,18220,1560,2530,337890,20,1860,13010,1140,60,16680,7250,24060,9490,39370,5030,341350,38880,240,13300,1460,2330,3160,1410,7650,160,3000,6040,470,30,6000,8610,15380,1650,10,2940,700,600,65120,200,2310,42980,200,920,1190,34260,5160,4210,10,5970,12030,1130,1540,3020,4420,2470,320,485980,104280,16970,3390,14830,590,20490,340,14330,560,15160,26520,3530,9240,160,3370,7060,1090,240,810,300,1580,1970,430,14460,2570,4810,18060,60,6210,20,57820,750,13970,7250,8930,58810,3850,19160,13070,28010,7900,16690,43260,900,2470,1020,119390,2410,1080,21610,17690,49250,14250,4750,250,8340,52830,1820,160,2740,6180,2860,1150,1040,60,16230,16520,23890,4330,20,10,46790,500,3380,3950,3840,4320,36120,48500,700,1580,60,100,2190,20360,6430,15820,11570,1210,27610,191760,19530,19360,340,27780,50330,4770,11310,6640,337680,191240,121580,2770,37280,1395130,837970,701240,697710,178520,411480,168100,183760,219270,457800,430450,626700,2009650,2844530,225990,608890,834880,1010820,678750,626250,671070,593300,2787580,353260,1290130,69730,63680,63680,2434320,215820,719330,13810,890,595510,440530,17470,699390,699390,528920,528920,528920,1144190,3442060
2016,10630,2100,6970,18120,20,82870,810,68000,4830,4020,10,20,58370,20,9250,6250,180,2970,420,18810,1540,2100,339750,20,1840,13670,1310,60,17080,7240,23780,10400,42090,5120,342280,39460,240,13170,1480,2480,3680,1410,7820,170,3020,6060,470,30,6060,8570,15570,1520,10,2980,630,600,66960,210,2300,42780,210,920,1200,33840,5250,4200,10,6120,13240,1150,1230,3080,4500,2500,310,491010,109840,17640,3540,15450,580,20820,310,14120,650,14440,28940,3550,9210,170,3460,7330,1080,240,790,260,1620,1920,440,14940,2740,4800,19830,60,6560,20,58420,730,15000,7320,8240,59830,4200,19190,13150,28080,7880,17530,46160,910,2520,1040,122760,2420,980,21300,17890,48540,13980,4780,300,8400,51960,1690,150,2770,6480,3030,1130,1070,60,16150,15920,24050,4500,20,10,47020,510,3380,3930,3870,4460,36750,44370,730,1460,60,90,2130,20200,6490,16690,11080,1220,27610,198170,19630,21550,340,26710,50240,4630,11000,6140,343020,203680,122500,2440,36980,1414280,824890,705460,701910,178950,411690,168060,183450,219540,468890,443250,616060,2019660,2878590,236320,622610,858930,1009920,682850,631250,675000,606870,2823000,364460,1315510,70810,64650,64650,2458540,221950,709650,13740,890,583850,457660,17070,706880,706880,546700,546700,546700,1143030,3465770
2017,10330,2050,6880,18380,20,84650,760,89150,4830,3990,10,20,60510,20,9340,6030,190,2980,420,18780,1520,3480,335960,20,1830,13850,1580,50,17330,7130,24150,9690,43840,5160,335560,41960,240,13660,1460,2510,3210,1420,7410,180,3010,6010,470,30,6150,8570,14770,1460,10,2980,640,610,68350,230,2240,42080,220,920,1160,33560,5260,4220,10,6220,13360,1190,1380,3090,4510,2490,310,494260,113900,17020,3700,15730,590,20830,300,14050,610,17780,26920,3600,9200,180,3540,7290,1060,240,870,240,1640,1840,440,13610,2830,4810,20260,60,6380,20,59360,740,15980,7370,8300,59900,4170,19730,12440,27850,7710,18340,45400,910,2520,1060,126920,2360,1000,21910,17970,50680,14410,4940,330,8280,50660,1690,150,2800,6510,2940,1100,1070,60,15990,15960,24360,3620,20,10,47190,490,3380,3900,3820,4540,35340,51880,700,1450,60,90,2120,20360,6540,17140,10900,1250,27610,198780,19290,22090,340,26640,50100,4600,10450,6230,341240,204690,121660,2570,37150,1436320,853910,713640,710040,177650,413270,170610,186440,218480,471470,444160,636740,2034300,2898240,238200,625740,863940,1011980,684240,633010,676800,610590,2842220,367000,1325810,69530,63240,63240,2475220,222930,734170,15240,910,603500,453750,18720,715790,715790,545930,545930,545930,1149410,3505600
2018,10450,2010,6810,16660,10,84730,680,88050,4820,3930,10,20,61490,20,9270,6090,190,3060,420,18880,1480,2720,329920,20,1780,13820,1580,50,17100,7160,24230,9890,45560,5470,331360,43990,240,12890,1510,2420,3120,1460,7490,190,3010,6090,470,30,6220,8050,15050,1450,10,2990,640,610,68350,230,2210,41380,180,940,1100,32610,5160,4390,10,6270,13440,1190,1330,3100,4610,2510,310,498490,115040,17290,3780,15790,610,20500,290,14080,580,15970,28370,3580,9290,190,3640,7080,1040,240,820,230,1650,1780,430,14510,3200,4730,20980,60,6360,20,60010,700,15910,7500,9130,58530,3710,19770,11890,27700,8010,19250,45780,890,2510,1080,130300,2410,1100,20790,18160,50630,14690,4780,200,8150,51140,1750,150,2820,6360,2770,1090,1060,60,15950,15600,24660,4450,20,10,47430,460,3300,3880,3810,4560,36030,51420,700,1460,60,90,2160,22480,6460,17390,10510,1260,27610,202190,18840,22550,340,27540,49690,4880,10710,6430,343700,208280,122480,2480,37210,1446930,846920,707780,704200,175410,411580,170840,186990,216400,477260,450790,636990,2028730,2906080,244250,633100,877350,1001930,680840,628850,673320,615960,2849040,374030,1336520,70460,64220,64220,2475010,226420,739590,13820,910,603130,461510,17210,725370,725370,551980,551980,551980,1138490,3513570
